index,Country,Year,Stunted,Caloric_intake,GDP_per_capita,Population,Underweight,Undernourished_People,Mortality_Rate,Prevalence of wasting,Death_Rate,Number_of_wasted_children,Number_of_food_insecure_people,GHI,GHI_Severity_lvl
0,China,2010,9.4,0.2,8884.588,1348191360.0,3.4,233899999.99999997,1.5755193,2.3,1.07,1974271.0,97900000.0,41.66228189066955,Alarming
1,Iran,2010,6.799999999999999,0.27,15099.46,75373864.0,4.1,5300000.0,1.9310515,4.0,0.47,243797.0,39200000.0,10.80060846423171,Moderate
2,Mongolia,2010,15.3,0.25,7518.831,2702527.0,3.3,400000.0,2.6285522,1.6000000000000003,0.02,4637.0,200000.0,14.26102140371341,Moderate
3,Vietnam,2010,22.7,0.28,6324.526,87411016.0,11.7,8700000.0,2.3048975,4.1,0.23,292305.0,8700000.0,19.17070279454176,Moderate
4,Japan,2010,7.1,0.17,38069.957,128105432.0,3.4,3600000.0,0.31993672,2.3,0.37,124400.0,5500000.0,2.980817296607067,Low
5,Indonesia,2010,39.2,0.28,8212.635,244016176.0,18.6,32200000.000000004,3.3850389,12.3,16.18,2903257.0,20000000.0,40.02998045199126,Alarming
6,Syria,2010,27.9,0.26,18893.909880263156,22337558.0,10.4,1100000.0,1.8922857,11.5,0.65,356298.0,97900000.0,24.590298136113447,Serious
7,Bhutan,2010,33.5,0.2581818181818182,7958.227,705523.0,12.7,233899999.99999997,4.235597,5.9,1.12,3929.0,97900000.0,64.62778642733849,Extremely Alarming
8,Nepal,2011,40.1,0.26,2763.8289,27266398.0,28.9,2500000.0,4.3614535,11.199999999999998,7.28,337364.0,11200000.0,39.07692283714277,Alarming
9,Bangladesh,2011,41.3,0.26,3571.0586,150211008.0,36.7,24200000.0,4.6679926,15.7,5.33,2472203.0,53100000.0,47.52719977210603,Alarming
10,Yemen,2011,46.6,0.41,18893.909880263156,25475608.0,35.5,6500000.0,5.8653626,13.3,6.16,544277.0,22200000.0,49.8431456268723,Alarming
11,Iraq,2011,22.1,0.38,8493.082,32378066.0,7.2,4900000.0,3.3828819,6.500000000000001,0.51,322692.0,97900000.0,24.570910134952957,Serious
12,Vietnam,2011,27.5,0.28,6658.667,88349104.0,16.8,7600000.0,2.2798027999999997,6.599999999999999,0.21,473791.0,8700000.0,22.871911756275267,Serious
13,Pakistan,2011,43.6,0.25,4082.4495,198602736.0,31.4,29600000.000000004,8.514959,14.900000000000002,4.09,4167102.0,97900000.0,63.62302527864306,Extremely Alarming
14,Sri Lanka,2012,14.6,0.24,11055.634,21017150.0,26.1,2700000.0,1.0374973,21.3,1.04,383878.0,2400000.0,24.175239322110922,Serious
15,North Korea,2012,27.9,0.26,18893.909880263156,24887770.0,15.2,9700000.0,2.5700002,4.0,2.2,63901.0,97900000.0,22.342965805167825,Serious
16,Vietnam,2012,26.699999999999996,0.28,6950.2876,89301328.0,16.2,7200000.0,2.2560513,6.7,0.2,485945.0,8700000.0,22.484583712601236,Serious
17,Thailand,2012,16.4,0.24,15129.901,69157024.0,9.2,5900000.0,1.2370229,6.7,1.05,272309.0,5100000.0,14.20247195399938,Moderate
18,Mongolia,2013,10.8,0.25,10504.814,2845160.0,1.6,300000.0,2.145251,1.0,0.02,3309.0,200000.0,10.070020755178021,Moderate
19,Pakistan,2013,44.99999999999999,0.25,4266.7114,205337552.0,31.8,28800000.0,8.071448,10.5,4.13,3028531.0,97900000.0,58.73587015096984,Extremely Alarming
20,China,2013,8.1,0.19,11101.938,1376100352.0,2.4,233899999.99999997,1.2479529,1.8999999999999997,1.09,1707316.0,97900000.0,39.534613180453896,Alarming
21,Yemen,2013,46.4,0.41,18893.909880263156,26984008.0,39.9,7800000.0,5.849592,16.4,5.39,696998.0,22200000.0,52.41975637822207,Extremely Alarming
22,Bangladesh,2013,38.7,0.26,3932.7083,154030144.0,35.1,24000000.0,4.2143087,18.1,3.85,2736572.0,53100000.0,46.646453427509506,Alarming
23,Indonesia,2013,36.4,0.27,9402.108,253275920.0,19.9,21200000.0,2.9995902,13.5,16.6,3251343.0,20000000.0,36.81582389088344,Alarming
24,Vietnam,2013,25.9,0.28,7257.7295,90267736.0,15.3,6800000.0,2.2333968,6.599999999999999,0.18,483940.0,8700000.0,21.93815209133127,Serious
25,India,2014,38.7,0.25,5071.047,1307246464.0,29.4,188300000.0,4.6232467,15.099999999999998,2.23,18807845.0,97900000.0,69.2312023526587,Extremely Alarming
26,Vietnam,2014,24.899999999999995,0.28,7641.909,91235504.0,14.5,6800000.0,2.2107837,6.8,0.17,503988.0,8700000.0,21.614288989395273,Serious
27,Bangladesh,2014,36.2,0.26,4119.425,155961312.0,32.8,23100000.0,4.0021515,14.4,3.48,2146765.0,53100000.0,41.66773259579434,Alarming
28,Nepal,2014,37.1,0.26,3152.2932,27462110.0,29.7,1999999.9999999998,3.7429624,11.3,6.31,332329.0,11200000.0,35.469537685835036,Alarming
29,Vietnam,2015,24.6,0.28,8091.0903,92191400.0,14.1,6500000.0,2.1892395,6.400000000000001,0.16,479057.0,8700000.0,21.040731859986433,Serious
30,Malaysia,2015,17.7,0.22,24151.26,31068834.0,12.4,1900000.0,0.8157200999999998,8.0,1.24,205613.0,5400000.0,13.562833941600527,Moderate
31,India,2015,37.9,0.25,5411.8755,1322866560.0,36.3,185900000.0,4.356927,20.8,1.96,25600142.0,97900000.0,72.18403754363122,Extremely Alarming
32,Vietnam,2016,24.300000000000004,0.28,8545.702,93126528.0,13.8,6400000.0,2.167099,5.955555555555556,0.14,503988.0,8700000.0,20.457055800705497,Serious
33,Thailand,2016,10.5,0.23,16393.314,70607032.0,6.7,4800000.0,1.0315863,5.400000000000001,1.01,208510.0,3300000.0,9.82666030877485,Low
34,Sri Lanka,2016,17.3,0.24,12904.854,21425494.0,20.5,1700000.0,0.83246964,15.099999999999998,0.87,260622.0,1200000.0,19.241051251176447,Moderate
35,Malaysia,2016,20.7,0.22,24859.799,31526414.0,13.7,1800000.0,0.8155494000000001,11.5,1.23,299188.0,4700000.0,17.603551667508007,Moderate
36,Myanmar,2016,29.4,0.28,4109.5576,51892352.0,18.5,1800000.0,4.9868383,6.599999999999999,3.81,296282.0,15800000.0,33.40114895681615,Serious
37,Nepal,2016,36.1,0.26,3244.6743,27861186.0,27.3,1500000.0,3.3739848,9.6,5.84,282411.0,8700000.0,32.16593974867534,Serious
38,Mongolia,2016,7.3,0.24,11058.95,3029559.0,0.8,200000.0,1.8504581,1.2,0.01,4448.0,200000.0,7.6694108545240445,Low
39,India,2017,34.7,0.25,6112.0664,1354195712.0,33.4,174300000.0,3.8661091,17.3,1.42,20842135.0,97900000.0,64.47238724776054,Extremely Alarming
40,North Korea,2017,19.1,0.26,18893.909880263156,25516318.0,9.3,11000000.0,1.8999999999999997,2.5,1.76,41368.0,97900000.0,15.170855799657673,Moderate
41,Vietnam,2017,23.8,0.28,9050.688,94033048.0,13.4,6000000.0,2.145929,5.8,0.13,437927.0,5900000.0,19.99066518349053,Moderate
42,China,2017,4.8,0.19,14243.532,1410275968.0,2.9,233899999.99999997,0.9220807000000001,1.8999999999999997,1.17,1721307.0,97900000.0,36.94292703930302,Alarming
43,Iran,2017,4.8,0.27,15163.292,84505080.0,4.3,6100000.0,1.4460907,4.3,0.31,243797.0,35900000.0,8.463583966477872,Low
44,Bangladesh,2018,30.899999999999995,0.26,5124.4985,163683952.0,21.9,20700000.0,3.2196547999999994,8.4,2.29,1229317.0,51600000.0,31.24648343557307,Serious
45,Indonesia,2018,30.800000000000004,0.28,11397.432,267066848.0,17.7,15700000.0,2.4642334,10.2,15.07,2362686.0,18600000.0,29.006311402532823,Serious
46,Mongolia,2018,9.4,0.24,12052.294,3163994.0,1.8,200000.0,1.678688,0.9,0.01,3523.0,200000.0,7.589097044976434,Low
47,Iraq,2018,12.6,0.4,9995.05,40590700.0,3.9,7000000.0,2.704599,3.0,0.28,172259.0,97900000.0,15.567383257271345,Moderate
48,Myanmar,2018,26.699999999999996,0.28,4556.2812,52666016.0,19.1,1600000.0,4.641533,6.7,3.46,301969.0,15800000.0,31.025783043159215,Serious
49,Pakistan,2018,37.6,0.24,5113.434,219731488.0,23.1,24200000.0,6.964348,7.1,3.78,2080281.0,31200000.0,48.016762304205045,Alarming
50,Vietnam,2018,23.2,0.28,9636.013,94914328.0,12.8,5700000.0,2.12525,5.400000000000001,0.13,503988.0,5900000.0,19.300878371301216,Moderate
51,Vietnam,2019,22.4,0.28,10252.005,95776712.0,12.2,5300000.0,2.106348,5.2,0.12,503988.0,6200000.0,18.687439673309257,Moderate
52,Thailand,2019,13.4,0.24,18003.672,71307768.0,7.7,4300000.0,0.9012203000000001,7.7,0.99,273870.0,3900000.0,12.280302916558524,Moderate
53,Bangladesh,2019,28.0,0.25,5467.208,165516224.0,22.6,19600000.0,3.042254,9.8,2.04,1433621.0,52800000.0,30.382495755020983,Serious
54,Malaysia,2019,21.8,0.21,27674.402,32804024.0,14.1,1200000.0,0.7880466600000001,9.7,1.2,253217.0,4900000.0,16.3782978622854,Moderate
55,Nepal,2019,31.5,0.26,3922.0813,28832500.0,24.4,1400000.0,2.9344585,12.0,5.22,352224.0,10500000.0,30.5574401915734,Serious
56,Vietnam,2020,19.6,0.29,10450.622,96648680.0,11.5,4900000.0,2.085237,5.955555555555556,0.16700000000000004,503988.0,7400000.0,18.048586492521316,Moderate
57,Bangladesh,2010,35.019999999999996,0.26,3395.3647,148391136.0,29.82,22600000.0,4.915377,13.279999999999998,6.47,2736572.0,53100000.0,43.78646669778096,Alarming
58,Singapore,2010,24.59379585326954,0.2581818181818182,78115.21,5163585.0,16.111339712918664,233899999.99999997,0.2834368,8.522046783625731,0.01,25600142.0,400000.0,47.74485850385341,Alarming
59,Israel,2010,24.59379585326954,0.2,34065.844,7328439.0,16.111339712918664,233899999.99999997,0.45566192,8.522046783625731,0.39,25600142.0,1200000.0,48.41917640105988,Alarming
60,Iraq,2010,17.35,0.38,8178.305,31264880.0,5.55,4600000.0,3.488769,4.75,0.58,322692.0,97900000.0,21.619025043275013,Serious
61,India,2010,37.1,0.25,4213.363,1240613632.0,33.03333333333333,195200000.0,5.810156,17.733333333333334,3.14,25600142.0,97900000.0,76.37596732532074,Extremely Alarming
62,Thailand,2010,13.433333333333332,0.25,14172.218,68270488.0,7.866666666666666,6600000.0,1.3558034,6.6000000000000005,1.18,273870.0,5100000.0,13.502798925904386,Moderate
63,South Korea,2010,24.59379585326954,0.22,34394.492,48813036.0,16.111339712918664,233899999.99999997,0.41240414999999997,8.522046783625731,0.19,25600142.0,2900000.0,48.24980802724634,Alarming
64,Sri Lanka,2010,15.95,0.24,9440.672,20668556.0,23.3,2700000.0,1.1218226,18.2,1.11,383878.0,2400000.0,22.510998334343217,Serious
65,Pakistan,2010,42.06666666666666,0.25,4058.0085,194454496.0,28.76666666666667,29399999.999999996,8.72238,10.833333333333336,4.08,4167102.0,97900000.0,60.47280298771651,Extremely Alarming
66,Yemen,2010,46.5,0.27,18893.909880263156,24743944.0,37.7,6200000.0,5.891764,14.85,6.51,696998.0,22200000.0,51.13019333652713,Extremely Alarming
67,Malaysia,2010,20.066666666666666,0.22,20171.88,28717728.0,13.4,1300000.0,0.81385756,9.733333333333333,1.41,299188.0,5400000.0,15.829730683380191,Moderate
68,North Korea,2010,23.5,0.26,18893.909880263156,24686436.0,12.25,9800000.0,2.95,3.2500000000000004,2.4,63901.0,97900000.0,21.47792203772737,Serious
69,Myanmar,2010,28.049999999999997,0.28,2830.284,49390988.0,18.8,5000000.0,6.3433633,6.65,5.51,301969.0,15800000.0,38.67138754295239,Alarming
70,Nepal,2010,36.2,0.26,2682.6987,27161572.0,27.575,2800000.0,4.586711,11.025,7.82,352224.0,11200000.0,38.30367203786494,Alarming
71,South Korea,2011,24.59379585326954,0.22,35388.977,49169880.0,16.111339712918664,233899999.99999997,0.3974931,8.522046783625731,0.18,25600142.0,2900000.0,48.19142637025495,Alarming
72,North Korea,2011,23.5,0.26,18893.909880263156,24783790.0,12.25,9600000.0,2.77,3.2500000000000004,2.3,63901.0,97900000.0,20.74463633128027,Serious
73,Sri Lanka,2011,15.95,0.24,10190.35,20859746.0,23.3,2900000.0,1.083713,18.2,1.08,383878.0,2400000.0,22.39031333760519,Serious
74,Syria,2011,27.9,0.26,18893.909880263156,22730734.0,10.4,1400000.0,2.0160925,11.5,0.68,356298.0,97900000.0,25.117832313304444,Serious
75,Mongolia,2011,10.7,0.25,8685.78,2743946.0,1.875,400000.0,2.4358144,1.175,0.02,4637.0,200000.0,11.325036624974494,Moderate
76,Thailand,2011,13.433333333333332,0.25,14199.279,68712848.0,7.866666666666666,6000000.0,1.2951807,6.6000000000000005,1.1,273870.0,5100000.0,13.17986134596891,Moderate
77,China,2011,7.433333333333334,0.2,9680.098,1357095424.0,2.9,233899999.99999997,1.4570093,2.033333333333333,1.08,1974271.0,97900000.0,40.19625403948442,Alarming
78,Myanmar,2011,28.049999999999997,0.28,3018.4617,49794528.0,18.8,3700000.0000000005,6.076398,6.65,5.15,301969.0,15800000.0,37.44070782498837,Alarming
79,India,2011,37.1,0.25,4374.2324,1257621248.0,33.03333333333333,193200000.0,5.4990835,17.733333333333334,2.94,25600142.0,97900000.0,74.87275033247735,Extremely Alarming
80,Indonesia,2011,35.46666666666666,0.27,8610.529,247099696.0,18.733333333333334,27200000.0,3.2503674,12.0,16.4,3251343.0,20000000.0,37.05586433308954,Alarming
81,Japan,2011,7.1,0.17,38149.617,128007256.0,3.4,3300000.0,0.32068935,2.3,0.37,124400.0,5500000.0,2.9409741886099003,Low
82,Iran,2011,5.8,0.27,15302.202,76342968.0,4.199999999999999,5800000.0,1.8360279,4.15,0.43,243797.0,39200000.0,10.223701307282038,Moderate
83,Israel,2011,24.59379585326954,0.2,35301.82,7459750.0,16.111339712918664,233899999.99999997,0.44057935,8.522046783625731,0.38,25600142.0,1200000.0,48.36012318694762,Alarming
84,Malaysia,2011,20.066666666666666,0.22,20900.322,29184140.0,13.4,1500000.0,0.8096515500000001,9.733333333333333,1.32,299188.0,5400000.0,15.841789374186407,Moderate
85,Singapore,2011,24.59379585326954,0.2581818181818182,81258.086,5281351.0,16.111339712918664,233899999.99999997,0.28147426,8.522046783625731,0.01,25600142.0,400000.0,47.737174515327325,Alarming
86,Bhutan,2011,33.5,0.2581818181818182,8499.3545,713338.0,12.7,233899999.99999997,4.0061965,5.9,1.0,3929.0,97900000.0,63.72960814313632,Extremely Alarming
87,Bangladesh,2012,35.019999999999996,0.26,3756.932,152090656.0,29.82,24000000.0,4.4352074,13.279999999999998,4.39,2736572.0,53100000.0,42.10613125110129,Alarming
88,Bhutan,2012,33.5,0.2581818181818182,8837.576,721154.0,12.7,233899999.99999997,3.8049324,5.9,0.87,3929.0,97900000.0,62.94159310389493,Extremely Alarming
89,Singapore,2012,24.59379585326954,0.2581818181818182,82805.62,5381003.0,16.111339712918664,233899999.99999997,0.27827245,8.522046783625731,0.01,25600142.0,400000.0,47.72463837782047,Alarming
90,South Korea,2012,24.59379585326954,0.22,36049.195,49634188.0,16.111339712918664,233899999.99999997,0.38470608,8.522046783625731,0.17,25600142.0,2900000.0,48.14136098816704,Alarming
91,Israel,2012,24.59379585326954,0.2,35552.85,7592099.0,16.111339712918664,233899999.99999997,0.42660433,8.522046783625731,0.37,25600142.0,1200000.0,48.30540639476412,Alarming
92,India,2012,37.1,0.25,4551.8623,1274487168.0,33.03333333333333,188700000.0,5.1971855,17.733333333333334,2.83,25600142.0,97900000.0,73.04887200650943,Extremely Alarming
93,Yemen,2012,46.5,0.41,18893.909880263156,26223390.0,37.7,7500000.0,5.8883433,14.85,5.72,696998.0,22200000.0,51.302223079655484,Extremely Alarming
94,Malaysia,2012,20.066666666666666,0.22,21690.457,29660216.0,13.4,1500000.0,0.8062900000000002,9.733333333333333,1.31,299188.0,5400000.0,15.828627802126801,Moderate
95,Nepal,2012,36.2,0.26,2886.0974,27330696.0,27.575,2300000.0,4.1452837,11.025,6.85,352224.0,11200000.0,36.50402270720714,Alarming
96,Myanmar,2012,28.049999999999997,0.28,3187.115,50218196.0,18.8,3400000.0,5.8205404,6.65,4.8,301969.0,15800000.0,36.39615140516267,Alarming
97,Mongolia,2012,10.7,0.25,9586.715,2792354.0,1.875,300000.0,2.2762116999999997,1.175,0.02,4637.0,200000.0,10.685876346279601,Moderate
98,Japan,2012,7.1,0.17,38735.895,127853688.0,3.4,3999999.9999999995,0.30062503,2.3,0.37,124400.0,5500000.0,2.9622588911180334,Low
99,Iraq,2012,17.35,0.38,9251.982,33864452.0,5.55,5300000.0,3.278033,4.75,0.45,322692.0,97900000.0,20.89376750900361,Serious
100,Iran,2012,5.8,0.27,14541.85,77324448.0,4.199999999999999,5600000.0,1.7532651,4.15,0.4,243797.0,39200000.0,9.871131167961524,Low
101,Indonesia,2012,35.46666666666666,0.27,9015.801,250222688.0,18.733333333333334,23900000.0,3.1228702,12.0,16.49,3251343.0,20000000.0,36.08598201227441,Alarming
102,Pakistan,2012,42.06666666666666,0.25,4150.3257,202205856.0,28.76666666666667,30000000.0,8.295439,10.833333333333336,4.15,4167102.0,97900000.0,58.88676858413295,Extremely Alarming
103,Syria,2012,27.9,0.26,18893.909880263156,22605582.0,10.4,1600000.0,3.7131622,11.5,0.71,356298.0,97900000.0,31.790944045244494,Serious
104,China,2012,7.433333333333334,0.2,10370.727,1366560768.0,2.9,233899999.99999997,1.3483801,2.033333333333333,1.08,1974271.0,97900000.0,39.770935051643264,Alarming
105,Thailand,2013,13.433333333333332,0.24,15442.38,69578600.0,7.866666666666666,5500000.0,1.1817496,6.6000000000000005,1.03,273870.0,5100000.0,12.664424840221383,Moderate
106,Singapore,2013,24.59379585326954,0.2581818181818182,85400.73,5478063.0,16.111339712918664,233899999.99999997,0.27576016999999997,8.522046783625731,0.01,25600142.0,400000.0,47.71480197667995,Alarming
107,Israel,2013,24.59379585326954,0.2,36436.383,7726675.0,16.111339712918664,233899999.99999997,0.41410166,8.522046783625731,0.35,25600142.0,1200000.0,48.2564543362963,Alarming
108,India,2013,37.1,0.25,4780.12,1291132032.0,33.03333333333333,188100000.0,4.9054914,17.733333333333334,2.57,25600142.0,97900000.0,71.82121402020957,Extremely Alarming
109,Iran,2013,5.8,0.27,14113.458,78458928.0,4.199999999999999,5000000.0,1.6799415,4.15,0.38,243797.0,39200000.0,9.498465394016778,Low
110,Iraq,2013,17.35,0.38,9503.875,35481804.0,5.55,5800000.0,3.1749206,4.75,0.41,322692.0,97900000.0,20.561365107315748,Serious
111,Syria,2013,27.9,0.26,18893.909880263156,21495830.0,10.4,1800000.0,4.543243,11.5,0.72,356298.0,97900000.0,35.069509546359754,Alarming
112,Japan,2013,7.1,0.17,39569.637,127678920.0,3.4,3999999.9999999995,0.29187492,2.3,0.36,124400.0,5500000.0,2.927999337253154,Low
113,North Korea,2013,23.5,0.26,18893.909880263156,25001824.0,12.25,9800000.0,2.4,3.2500000000000004,2.09,63901.0,97900000.0,19.32449143791965,Moderate
114,Sri Lanka,2013,15.95,0.24,11414.167,21131762.0,23.3,2500000.0,0.9851939,18.2,0.99,383878.0,2400000.0,21.947525508938735,Serious
115,South Korea,2013,24.59379585326954,0.22,37021.133,50098228.0,16.111339712918664,233899999.99999997,0.37296188,8.522046783625731,0.16,25600142.0,2900000.0,48.09537858880293,Alarming
116,Malaysia,2013,20.066666666666666,0.22,22350.908,30134806.0,13.4,1700000.0,0.8076104000000001,9.733333333333333,1.25,299188.0,5400000.0,15.86232420275317,Moderate
117,Bhutan,2013,33.5,0.2581818181818182,8929.046,728898.0,12.7,233899999.99999997,3.6267796,5.9,0.8,3929.0,97900000.0,62.244066393055974,Extremely Alarming
118,Nepal,2013,36.2,0.26,2982.287,27381558.0,27.575,2100000.0,3.938376,11.025,6.64,352224.0,11200000.0,35.66538451975922,Alarming
119,Myanmar,2013,28.049999999999997,0.28,3409.649,50648336.0,18.8,3000000.0,5.588302,6.65,4.52,301969.0,15800000.0,35.429808608487356,Alarming
120,Mongolia,2014,10.7,0.25,11107.989,2902826.0,1.875,300000.0,2.0379777,1.175,0.01,4637.0,200000.0,9.75311200898034,Low
121,Israel,2014,24.59379585326954,0.2,37144.48,7863849.0,16.111339712918664,233899999.99999997,0.40298563,8.522046783625731,0.35,25600142.0,1200000.0,48.21293142875015,Alarming
122,Myanmar,2014,28.049999999999997,0.28,3658.5935,51072436.0,18.8,2500000.0,5.3759575,6.65,4.26,301969.0,15800000.0,34.5270936622107,Serious
123,Indonesia,2014,35.46666666666666,0.27,9759.025,256229760.0,18.733333333333334,20400000.0,2.8807046,12.0,16.88,3251343.0,20000000.0,34.63860865151107,Serious
124,Iraq,2014,17.35,0.38,9194.864,36746484.0,5.55,6200000.0,3.0751023,4.75,0.38,322692.0,97900000.0,20.22759688826165,Serious
125,Iran,2014,5.8,0.27,14538.521,79961672.0,4.199999999999999,5000000.0,1.6145465,4.15,0.36,243797.0,39200000.0,9.242422495699639,Low
126,China,2014,7.433333333333334,0.19,11851.404,1385189632.0,2.9,233899999.99999997,1.1558432999999997,2.033333333333333,1.11,1974271.0,97900000.0,39.0170902576268,Alarming
127,Malaysia,2014,20.066666666666666,0.22,23328.344,30606454.0,13.4,1800000.0,0.81196785,9.733333333333333,1.25,299188.0,5400000.0,15.893648350857514,Moderate
128,Pakistan,2014,42.06666666666666,0.24,4403.673,208251632.0,28.76666666666667,27700000.0,7.8434515,10.833333333333336,4.28,4167102.0,97900000.0,56.78903319339381,Extremely Alarming
129,Thailand,2014,13.433333333333332,0.23,15509.181,69960944.0,7.866666666666666,5200000.0,1.1290915,6.6000000000000005,1.02,273870.0,5100000.0,12.415461186151363,Moderate
130,Japan,2014,7.1,0.17,39739.543,127476728.0,3.4,3999999.9999999995,0.28367758,2.3,0.35,124400.0,5500000.0,2.8959040594476493,Low
131,Yemen,2014,46.5,0.41,18893.909880263156,27753310.0,37.7,9100000.0,5.8795304,14.85,5.02,696998.0,22200000.0,51.495930490766554,Extremely Alarming
132,North Korea,2014,23.5,0.26,18893.909880263156,25126140.0,12.25,10000000.0,2.24,3.2500000000000004,2.0,63901.0,97900000.0,18.72656550084925,Moderate
133,Singapore,2014,24.59379585326954,0.2581818181818182,87616.64,5570505.0,16.111339712918664,233899999.99999997,0.2745716,8.522046783625731,0.01,25600142.0,400000.0,47.7101483348472,Alarming
134,Sri Lanka,2014,15.95,0.24,12029.375,21239448.0,23.3,2200000.0,0.9306739,18.2,0.96,383878.0,2400000.0,21.691271904989115,Serious
135,South Korea,2014,24.59379585326954,0.22,37967.477,50558044.0,16.111339712918664,233899999.99999997,0.36200064,8.522046783625731,0.16,25600142.0,2900000.0,48.052461734934134,Alarming
136,Syria,2014,27.9,0.26,18893.909880263156,20072232.0,10.4,1900000.0,4.7263627,11.5,0.73,356298.0,97900000.0,35.80074660217406,Alarming
137,Bhutan,2014,33.5,0.2581818181818182,9349.044,736362.0,12.7,233899999.99999997,3.466184,5.9,0.74,3929.0,97900000.0,61.61528188535692,Extremely Alarming
138,South Korea,2015,24.59379585326954,0.22,38828.742,50994396.0,16.111339712918664,233899999.99999997,0.3518742,8.522046783625731,0.16,25600142.0,2400000.0,48.01281339718301,Alarming
139,Thailand,2015,13.433333333333332,0.23,15919.37,70294408.0,7.866666666666666,4900000.0,1.0790528,6.6000000000000005,1.01,273870.0,3300000.0,12.176753343196141,Moderate
140,China,2015,7.433333333333334,0.19,12612.352,1393715456.0,2.9,233899999.99999997,1.0713093,2.033333333333333,1.13,1974271.0,97900000.0,38.68611188976471,Alarming
141,Singapore,2015,24.59379585326954,0.2581818181818182,89160.73,5650020.0,16.111339712918664,233899999.99999997,0.2738592,8.522046783625731,0.01,25600142.0,200000.0,47.70735905492119,Alarming
142,Bhutan,2015,33.5,0.2581818181818182,9877.247,743284.0,12.7,233899999.99999997,3.3197646,5.9,0.68,3929.0,97900000.0,61.04200185560149,Extremely Alarming
143,Yemen,2015,46.5,0.41,18893.909880263156,28516552.0,37.7,11000000.0,6.0785785,14.85,4.79,696998.0,13000000.0,52.546271872381986,Extremely Alarming
144,North Korea,2015,23.5,0.26,18893.909880263156,25258012.0,12.25,10200000.0,2.1100001,3.2500000000000004,1.9,63901.0,97900000.0,18.246099806210292,Moderate
145,Pakistan,2015,42.06666666666666,0.24,4552.6055,210969296.0,28.76666666666667,25600000.0,7.617705,10.833333333333336,4.25,4167102.0,29600000.0,55.60563220794851,Extremely Alarming
146,Iran,2015,5.8,0.27,14010.858,81790848.0,4.199999999999999,5200000.0,1.5532366,4.15,0.33,243797.0,39200000.0,9.03090070633485,Low
147,Sri Lanka,2015,15.95,0.24,12420.553,21336692.0,23.3,1900000.0,0.8784128400000001,18.2,0.9,383878.0,1200000.0,21.443862792892453,Serious
148,Indonesia,2015,35.46666666666666,0.28,10121.841,259091968.0,18.733333333333334,18900000.0,2.7682626,12.0,16.82,3251343.0,15500000.0,33.98441179177025,Serious
149,Bangladesh,2015,35.019999999999996,0.26,4337.3857,157830000.0,29.82,23300000.0,3.7971585,13.279999999999998,3.2,2736572.0,50900000.0,39.508117192073165,Alarming
150,Myanmar,2015,28.049999999999997,0.28,3748.2942,51483956.0,18.8,2100000.0,5.178597,6.65,4.02,301969.0,15800000.0,33.697309296657274,Serious
151,Iraq,2015,17.35,0.38,9371.214,37757812.0,5.55,6500000.0,2.976198,4.75,0.35,322692.0,97900000.0,19.88314397880385,Moderate
152,Nepal,2015,36.2,0.26,3260.035,27610328.0,27.575,1700000.0,3.5529943000000004,11.025,6.07,352224.0,8199999.999999999,34.09943541694659,Serious
153,Syria,2015,27.9,0.26,18893.909880263156,19205178.0,10.4,2200000.0,4.18151,11.5,0.72,356298.0,97900000.0,33.710259273633916,Serious
154,Israel,2015,24.59379585326954,0.2,37321.016,8007777.0,16.111339712918664,233899999.99999997,0.39327282,8.522046783625731,0.34,25600142.0,900000.0,48.174902588269944,Alarming
155,Japan,2015,7.1,0.17,40402.582,127250936.0,3.4,3999999.9999999995,0.27595934,2.3,0.35,124400.0,3300000.0,2.8656846154609945,Low
156,Mongolia,2015,10.7,0.25,11134.802,2964756.0,1.875,200000.0,1.9427027,1.175,0.01,4637.0,200000.0,9.365815798640451,Low
157,Yemen,2016,46.5,0.41,18893.909880263156,29274010.0,37.7,12300000.0,6.0459404,14.85,4.6,696998.0,14500000.0,52.603905900588856,Extremely Alarming
158,North Korea,2016,23.5,0.26,18893.909880263156,25389614.0,12.25,10500000.0,2.0,3.2500000000000004,1.83,63901.0,97900000.0,17.858203196299137,Moderate
159,South Korea,2016,24.59379585326954,0.22,39814.66,51309984.0,16.111339712918664,233899999.99999997,0.34243828000000004,8.522046783625731,0.16,25600142.0,2600000.0,47.9758686719733,Alarming
160,Bhutan,2016,33.5,0.2581818181818182,10587.57,749764.0,12.7,233899999.99999997,3.1870613,5.9,0.63,3929.0,97900000.0,60.522424861209736,Extremely Alarming
161,Japan,2016,7.1,0.17,40727.97,126993856.0,3.4,3999999.9999999995,0.2686671,2.3,0.34,124400.0,3400000.0,2.8371331013571,Low
162,Israel,2016,24.59379585326954,0.2,38251.297,8159015.0,16.111339712918664,233899999.99999997,0.38448188,8.522046783625731,0.33,25600142.0,900000.0,48.140483171547984,Alarming
163,Syria,2016,27.9,0.26,18893.909880263156,18964252.0,10.4,2600000.0,3.9764214,11.5,0.71,356298.0,97900000.0,32.9643232631781,Serious
164,India,2016,37.1,0.25,5789.678,1338636288.0,33.03333333333333,181100000.0,4.104287,17.733333333333334,1.64,25600142.0,97900000.0,67.68580467115747,Extremely Alarming
165,Iraq,2016,17.35,0.39,10404.204,38697940.0,5.55,6800000.0,2.8818896,4.75,0.32,322692.0,97900000.0,19.556685526970885,Moderate
166,Iran,2016,5.8,0.27,14968.595,83306232.0,4.199999999999999,5700000.0,1.4995877,4.15,0.32,243797.0,37700000.0,8.892164149144422,Low
167,Bangladesh,2016,35.019999999999996,0.26,4589.0938,159784576.0,29.82,22800000.0,3.599151,13.279999999999998,2.84,2736572.0,50900000.0,38.66153630854095,Alarming
168,Indonesia,2016,35.46666666666666,0.28,10519.295,261850176.0,18.733333333333334,17500000.0,2.6601171,12.0,16.16,3251343.0,19000000.0,33.36130044087003,Serious
169,Pakistan,2016,42.06666666666666,0.24,4746.718,213524848.0,28.76666666666667,24600000.0,7.3949294,10.833333333333336,4.32,4167102.0,25800000.0,54.590759577342865,Extremely Alarming
170,Singapore,2016,24.59379585326954,0.2581818181818182,91146.09,5711936.0,16.111339712918664,233899999.99999997,0.27106467,8.522046783625731,0.01,25600142.0,200000.0,47.69641755235014,Alarming
171,China,2016,7.433333333333334,0.19,13399.138,1401889664.0,2.9,233899999.99999997,0.9933474700000001,2.033333333333333,1.18,1974271.0,97900000.0,38.38086572551197,Alarming
172,Syria,2017,27.9,0.26,18893.909880263156,18983370.0,10.4,3200000.0,2.3926032,11.5,0.71,356298.0,97900000.0,26.84873474559476,Serious
173,Singapore,2017,24.59379585326954,0.2581818181818182,95310.336,5764489.0,16.111339712918664,233899999.99999997,0.2646414,8.522046783625731,0.01,25600142.0,200000.0,47.67126834113409,Alarming
174,South Korea,2017,24.59379585326954,0.22,40957.418,51511640.0,16.111339712918664,233899999.99999997,0.33305654,8.522046783625731,0.16,25600142.0,2800000.0,47.939136079254325,Alarming
175,Sri Lanka,2017,15.95,0.24,13584.193,21506816.0,23.3,1600000.0,0.7930187000000001,18.2,0.83,383878.0,1400000.0,21.066726792908746,Serious
176,Thailand,2017,13.433333333333332,0.24,17008.04,70898208.0,7.866666666666666,4800000.0,0.9851302,6.6000000000000005,1.01,273870.0,3300000.0,11.794752222934761,Moderate
177,Yemen,2017,46.5,0.41,18893.909880263156,30034386.0,37.7,12900000.0,6.026122,14.85,4.42,696998.0,14000000.0,52.61189016012033,Extremely Alarming
178,Pakistan,2017,42.06666666666666,0.24,4891.7197,216379648.0,28.76666666666667,23400000.0,7.177063,10.833333333333336,4.24,4167102.0,27800000.0,53.56658147568278,Extremely Alarming
179,Malaysia,2017,20.066666666666666,0.21,25935.143,31975812.0,13.4,1700000.0,0.8106817,9.733333333333333,1.23,299188.0,4800000.0,15.874349350755331,Moderate
180,Japan,2017,7.1,0.17,41444.215,126662464.0,3.4,3999999.9999999995,0.26158515,2.3,0.34,124400.0,4000000.0,2.8094049416547215,Low
181,Bangladesh,2017,35.019999999999996,0.26,4830.776,161793968.0,29.82,22000000.0,3.407044,13.279999999999998,2.61,2736572.0,50900000.0,37.79526791843308,Alarming
182,Israel,2017,24.59379585326954,0.2,39121.297,8309256.0,16.111339712918664,233899999.99999997,0.3753219,8.522046783625731,0.33,25600142.0,1000000.0,48.10461884204685,Alarming
183,Iraq,2017,17.35,0.39,9976.8545,39621156.0,5.55,6900000.0,2.7904284,4.75,0.3,322692.0,97900000.0,19.212848196998383,Moderate
184,Indonesia,2017,35.46666666666666,0.28,10941.921,264498848.0,18.733333333333334,15900000.0,2.5572803,12.0,15.68,3251343.0,20000000.0,32.73044779259651,Serious
185,Myanmar,2017,28.049999999999997,0.28,4312.9473,52288344.0,18.8,1600000.0,4.8071733,6.65,3.62,301969.0,15800000.0,32.17174704661164,Serious
186,Mongolia,2017,10.7,0.24,11431.498,3096033.0,1.875,200000.0,1.7612413,1.175,0.01,4637.0,200000.0,8.655334832378726,Low
187,Bhutan,2017,33.5,0.2581818181818182,10986.888,756130.0,12.7,233899999.99999997,3.0642877,5.9,0.58,3929.0,97900000.0,60.041725902866915,Extremely Alarming
188,Nepal,2017,36.2,0.26,3495.5288,28183424.0,27.575,1400000.0,3.2097733,11.025,5.66,352224.0,8900000.0,32.71282259918771,Serious
189,Iran,2018,5.8,0.27,14628.946,85617560.0,4.199999999999999,6200000.0,1.3980607,4.15,0.29,243797.0,34700000.0,8.565969109043719,Low
190,Israel,2018,24.59379585326954,0.2,39936.77,8456487.0,16.111339712918664,233899999.99999997,0.36502242,8.522046783625731,0.33,25600142.0,1100000.0,48.064292995875746,Alarming
191,Bhutan,2018,33.5,0.2581818181818182,11233.78,762104.0,12.7,233899999.99999997,2.9586618,5.9,0.56,3929.0,97900000.0,59.628165820699216,Extremely Alarming
192,Japan,2018,7.1,0.17,41739.203,126255872.0,3.4,3999999.9999999995,0.2543676,2.3,0.34,124400.0,4000000.0,2.781145863426281,Low
193,South Korea,2018,24.59379585326954,0.22,41965.89,51676900.0,16.111339712918664,233899999.99999997,0.32309136,8.522046783625731,0.16,25600142.0,2700000.0,47.90011912735507,Alarming
194,Nepal,2018,36.2,0.26,3719.3079,28506718.0,27.575,1300000.0,3.0632234,11.025,5.39,352224.0,9600000.0,32.12476831855313,Serious
195,India,2018,37.1,0.25,6436.1533,1369003264.0,33.03333333333333,179400000.0,3.6428986,17.733333333333334,1.3,25600142.0,97900000.0,65.63684147317434,Extremely Alarming
196,Singapore,2018,24.59379585326954,0.2581818181818182,98336.95,5814543.0,16.111339712918664,233899999.99999997,0.25412247,8.522046783625731,0.01,25600142.0,300000.0,47.63008327615366,Alarming
197,China,2018,7.433333333333334,0.19,15133.996,1417069440.0,2.9,233899999.99999997,0.8577589,2.033333333333333,1.12,1974271.0,97900000.0,37.84999195165348,Alarming
198,Syria,2018,27.9,0.26,18893.909880263156,19333464.0,10.4,3900000.0,2.3811839,11.5,0.68,356298.0,97900000.0,26.903867540110078,Serious
199,Malaysia,2018,20.066666666666666,0.21,26835.81,32399270.0,13.4,1400000.0,0.8013252000000001,9.733333333333333,1.2,299188.0,4900000.0,15.794925679341013,Moderate
200,North Korea,2018,23.5,0.26,18893.909880263156,25638152.0,12.25,10900000.0,1.82,3.2500000000000004,1.7,63901.0,97900000.0,17.210497293018484,Moderate
201,Yemen,2018,46.5,0.41,18893.909880263156,30790514.0,37.7,12700000.0,6.167291,14.85,4.44,696998.0,14200000.0,53.13608654878168,Extremely Alarming
202,Thailand,2018,13.433333333333332,0.24,17669.045,71127808.0,7.866666666666666,4700000.0,0.9420206000000001,6.6000000000000005,1.0,273870.0,3300000.0,11.611700682797071,Moderate
203,Sri Lanka,2018,15.95,0.24,13753.055,21580712.0,23.3,1500000.0,0.7584399,18.2,0.79,383878.0,1600000.0,20.917076135972586,Serious
204,Singapore,2019,24.59379585326954,0.2581818181818182,98283.31,5866408.0,16.111339712918664,233899999.99999997,0.23963065,8.522046783625731,0.01,25600142.0,300000.0,47.573343042272015,Alarming
205,China,2019,7.433333333333334,0.19,15977.764,1421864064.0,2.9,233899999.99999997,0.7979075,2.033333333333333,1.09,1974271.0,97900000.0,37.61565406765106,Alarming
206,Sri Lanka,2019,15.95,0.25,13639.021,21649664.0,23.3,1400000.0,0.7277492,18.2,0.77,383878.0,1900000.0,20.782648667245716,Serious
207,South Korea,2019,24.59379585326954,0.22,42758.59,51803832.0,16.111339712918664,233899999.99999997,0.31239748,8.522046783625731,0.17,25600142.0,2600000.0,47.85824907567748,Alarming
208,Syria,2019,27.9,0.26,18893.909880263156,20098252.0,10.4,4700000.0,2.262392,11.5,0.66,356298.0,97900000.0,26.552864648933287,Serious
209,Bhutan,2019,33.5,0.2581818181818182,11797.284,767467.0,12.7,233899999.99999997,2.8524048,5.9,0.51,3929.0,97900000.0,59.21213477480146,Extremely Alarming
210,North Korea,2019,23.5,0.26,18893.909880263156,25755442.0,12.25,11200000.0,1.7299999,3.2500000000000004,1.65,63901.0,97900000.0,16.900907250373066,Moderate
211,Iran,2019,5.8,0.27,14084.354,86564208.0,4.199999999999999,6000000.0,1.3494952,4.15,0.29,243797.0,36700000.0,8.34729262836103,Low
212,Iraq,2019,17.35,0.4,10299.316,41563524.0,5.55,7000000.0,2.6234567,4.75,0.26,322692.0,97900000.0,18.573362464649918,Moderate
213,India,2019,37.1,0.26,6608.624,1383112064.0,33.03333333333333,199700000.0,3.4329019,17.733333333333334,1.19,25600142.0,97900000.0,67.71008544459937,Extremely Alarming
214,Indonesia,2019,35.46666666666666,0.28,11857.789,269582880.0,18.733333333333334,16300000.0,2.3750138,12.0,14.53,3251343.0,15600000.0,32.07386779758047,Serious
215,Israel,2019,24.59379585326954,0.2,40810.055,8607922.0,16.111339712918664,233899999.99999997,0.3543312,8.522046783625731,0.32,25600142.0,1200000.0,48.022433358971604,Alarming
216,Yemen,2019,46.5,0.41,18893.909880263156,31546694.0,37.7,12300000.0,6.159503,14.85,4.47,696998.0,15600000.0,53.04854076937744,Extremely Alarming
217,Japan,2019,7.1,0.17,41697.41,125791680.0,3.4,3999999.9999999995,0.24680981,2.3,0.33,124400.0,4300000.0,2.751554633875516,Low
218,Pakistan,2019,42.06666666666666,0.25,5157.5464,223293280.0,28.76666666666667,29200000.0,6.7495565,10.833333333333336,3.5,4167102.0,54200000.0,52.72002458135236,Extremely Alarming
219,Myanmar,2019,28.049999999999997,0.28,4829.5366,53040212.0,18.8,1500000.0,4.4770675,6.65,3.31,301969.0,11800000.0,30.865011144458443,Serious
220,Mongolia,2019,10.7,0.24,12458.019,3232435.0,1.875,200000.0,1.6035735999999998,1.175,0.01,4637.0,200000.0,8.038014014594538,Low
221,Malaysia,2020,20.066666666666666,0.21,25830.973,33199988.0,13.4,1100000.0,0.7723872700000001,9.733333333333333,1.264,299188.0,5100000.0,15.63883427965398,Moderate
222,Syria,2020,27.9,0.26,18893.909880263156,20772602.0,10.4,5300000.0,2.2809062,11.5,0.697,356298.0,97900000.0,26.710933624483303,Serious
223,Pakistan,2020,42.06666666666666,0.27,5004.352,227196736.0,28.76666666666667,36300000.0,6.547601,10.833333333333336,4.082,4167102.0,74000000.0,52.9419968215503,Extremely Alarming
224,Bhutan,2020,33.5,0.2581818181818182,10547.052,772512.0,12.7,233899999.99999997,2.7549222,5.9,0.749,3929.0,97900000.0,58.83045838609452,Extremely Alarming
225,Mongolia,2020,10.7,0.24,11666.779,3294340.0,1.875,200000.0,1.535289,1.175,0.014000000000000002,4637.0,200000.0,7.770657383438845,Low
226,Myanmar,2020,28.049999999999997,0.28,4947.0938,53423200.0,18.8,1800000.0,4.3236055,6.65,4.246,301969.0,13600000.0,30.306946924754953,Serious
227,Thailand,2020,13.433333333333332,0.26,16848.584,71475664.0,7.866666666666666,3999999.9999999995,0.8628443500000001,6.6000000000000005,1.04,273870.0,4500000.0,11.201856561779195,Moderate
228,China,2020,7.433333333333334,0.19,16296.779,1424929792.0,2.9,233899999.99999997,0.74388134,2.033333333333333,1.112,1974271.0,97900000.0,37.404123911043584,Alarming
229,Yemen,2020,46.5,0.41,18893.909880263156,32284044.0,37.7,11600000.0,5.968574,14.85,5.151999999999999,696998.0,18900000.0,52.20114793660926,Extremely Alarming
230,North Korea,2020,23.5,0.26,18893.909880263156,25867474.0,12.25,11400000.0,1.65,3.2500000000000004,1.9829999999999999,63901.0,97900000.0,16.616207973898444,Moderate
231,India,2020,37.1,0.29,6114.0317,1396387072.0,33.03333333333333,222100000.0,3.2376912,17.733333333333334,2.1220000000000003,25600142.0,97900000.0,70.14075077228654,Extremely Alarming
232,Israel,2020,24.59379585326954,0.21,39351.895,8757487.0,16.111339712918664,233899999.99999997,0.34435076,8.522046783625731,0.349,25600142.0,1200000.0,47.98335665916152,Alarming
233,Iraq,2020,17.35,0.4,8919.798,42556988.0,5.55,7000000.0,2.5357888,4.75,0.384,322692.0,97900000.0,18.23011384923013,Moderate
234,Iran,2020,5.8,0.27,14432.362,87290192.0,4.199999999999999,5400000.0,1.3046858,4.15,0.358,243797.0,37000000.0,8.086269310432714,Low
235,Indonesia,2020,35.46666666666666,0.28,11515.74,271857984.0,18.733333333333334,16500000.0,2.293901,12.0,16.081,3251343.0,13900000.0,31.784811152170345,Serious
236,Singapore,2020,24.59379585326954,0.2581818181818182,94505.63,5909874.0,16.111339712918664,233899999.99999997,0.22339907,8.522046783625731,0.009999999999999998,25600142.0,300000.0,47.50979107671706,Alarming
237,Sri Lanka,2020,15.95,0.27,13095.761,21715076.0,23.3,1200000.0,0.7003899999999998,18.2,0.9339999999999999,383878.0,2200000.0,20.647001814433395,Serious
238,Nepal,2020,36.2,0.28,3761.8027,29348626.0,27.575,1500000.0,2.8194368,11.025,6.308,352224.0,11100000.0,31.198790330039365,Serious
239,Bangladesh,2020,35.019999999999996,0.25,5591.374,167420944.0,29.82,19500000.0,2.8767538,13.279999999999998,3.65,2736572.0,53100000.0,35.362425144406515,Alarming
240,South Korea,2020,24.59379585326954,0.22,42396.76,51844688.0,16.111339712918664,233899999.99999997,0.30086482,8.522046783625731,0.16699999999999998,25600142.0,2800000.0,47.81309492487534,Alarming
241,Japan,2020,7.1,0.17,39935.465,125244760.0,3.4,3300000.0,0.23872714,2.3,0.352,124400.0,4700000.0,2.620065223079234,Low
242,Yemen,2021,46.5,0.3972727272727273,18893.909880263156,32981644.0,37.7,11400000.0,6.190894,14.85,5.151999999999999,696998.0,22200000.0,53.043077137279695,Extremely Alarming
243,Bangladesh,2021,35.019999999999996,0.2581818181818182,5911.013,169356240.0,29.82,18900000.0,2.727363,13.279999999999998,3.65,2736572.0,52700000.0,34.69193130478597,Serious
244,Bhutan,2021,33.5,0.2581818181818182,10907.856,777500.0,12.7,233899999.99999997,2.6687412,5.9,0.749,3929.0,97900000.0,58.4930314724181,Extremely Alarming
245,Vietnam,2021,24.14545454545454,0.280909090909091,10628.219,97468024.0,13.845454545454546,4900000.0,2.060163,5.955555555555556,0.16700000000000004,503988.0,8700000.0,19.762795744297577,Moderate
246,Japan,2021,7.1,0.16999999999999998,40784.383,124612528.0,3.4,3999999.9999999995,0.23023768,2.3,0.352,124400.0,5500000.0,2.6866693032464406,Low
247,India,2021,37.1,0.2545454545454545,6592.042,1407563904.0,33.03333333333333,233899999.99999997,3.0619214,17.733333333333334,2.1220000000000003,25600142.0,97900000.0,71.13562375121086,Extremely Alarming
248,Indonesia,2021,35.46666666666666,0.2763636363636364,11858.146,273753184.0,18.733333333333334,16200000.000000002,2.2173412,12.0,16.081,3251343.0,13400000.0,31.442264494159556,Serious
249,Iran,2021,5.8,0.27,15004.6875,87923432.0,4.199999999999999,5300000.0,1.2631342,4.15,0.358,243797.0,35900000.0,7.909317851885028,Low
250,Iraq,2021,17.35,0.3872727272727273,8962.395,43533592.0,5.55,7100000.0,2.4521646,4.75,0.384,322692.0,97900000.0,17.916960947640703,Moderate
251,Israel,2021,24.59379585326954,0.2009090909090909,42061.242,8900057.0,16.111339712918664,233899999.99999997,0.33565947,8.522046783625731,0.349,25600142.0,1200000.0,47.949327404910974,Alarming
252,Mongolia,2021,10.7,0.24545454545454548,11668.431,3347782.0,1.875,300000.0,1.4734358,1.175,0.014000000000000002,4637.0,200000.0,7.542745095646539,Low
253,Myanmar,2021,28.049999999999997,0.2800000000000001,4032.6257,53798088.0,18.8,2100000.0,4.181237,6.65,4.246,301969.0,15800000.0,29.79231740024959,Serious
254,Nepal,2021,36.2,0.2618181818181818,3831.9485,30034988.0,27.575,1600000.0,2.716347,11.025,6.308,352224.0,11200000.0,30.809423212661546,Serious
255,Pakistan,2021,42.06666666666666,0.24727272727272728,5232.1426,231402112.0,28.76666666666667,42800000.0,6.333255,10.833333333333336,4.082,4167102.0,97900000.0,53.02987638249647,Extremely Alarming
256,Malaysia,2021,20.066666666666666,0.21636363636363634,26333.156,33573872.0,13.4,900000.0,0.7556127300000001,9.733333333333333,1.264,299188.0,5400000.0,15.544629846355406,Moderate
257,North Korea,2021,23.5,0.25999999999999995,18893.909880263156,25971910.0,12.25,11800000.0,1.54,3.2500000000000004,1.9829999999999999,63901.0,97900000.0,16.24257505604787,Moderate
258,Syria,2021,27.9,0.25999999999999995,18893.909880263156,21324366.0,10.4,5900000.0,2.2272444,11.5,0.697,356298.0,97900000.0,26.586409860084736,Serious
259,China,2021,7.433333333333334,0.19272727272727275,17602.695,1425893504.0,2.9,233899999.99999997,0.69345915,2.033333333333333,1.112,1974271.0,97900000.0,37.20670448039755,Alarming
260,Thailand,2021,13.433333333333332,0.24090909090909085,17077.043,71601104.0,7.866666666666666,3700000.0000000005,0.8291029000000002,6.6000000000000005,1.04,273870.0,5100000.0,11.026957803992547,Moderate
261,Sri Lanka,2021,15.95,0.24363636363636365,13386.682,21773438.0,23.3,1100000.0,0.6748074000000001,18.2,0.9339999999999999,383878.0,2400000.0,20.532574234519036,Serious
262,Singapore,2021,24.59379585326954,0.2581818181818182,106032.23,5941063.0,16.111339712918664,233899999.99999997,0.20883267,8.522046783625731,0.009999999999999998,25600142.0,400000.0,47.45275883764607,Alarming
263,South Korea,2021,24.59379585326954,0.22000000000000003,44232.207,51830136.0,16.111339712918664,233899999.99999997,0.28881985,8.522046783625731,0.16699999999999998,25600142.0,2900000.0,47.7659349121994,Alarming
264,Vietnam,2022,24.14545454545454,0.280909090909091,8457.2882,97468024.0,13.845454545454546,8700000.0,2.1803498,5.955555555555556,0.16700000000000004,503988.0,8700000.0,20.775371951284455,Serious
265,Yemen,2022,46.5,0.3972727272727273,18893.909880263156,32981644.0,37.7,12900000.0,6.000957933333333,14.85,5.151999999999999,696998.0,22200000.0,52.51336457616469,Extremely Alarming
266,Japan,2022,7.1,0.16999999999999998,40082.98975,128105432.0,3.4,3999999.9999999995,0.274429785,2.3,0.352,124400.0,5500000.0,2.8596959053862876,Low
267,Israel,2022,24.59379585326954,0.2009090909090909,37946.24575,8900057.0,16.111339712918664,233899999.99999997,0.3910311116666667,8.522046783625731,0.349,25600142.0,1200000.0,48.166125564050226,Alarming
268,Iraq,2022,17.35,0.3872727272727273,9379.244958333335,43533592.0,5.55,7100000.0,2.9470193250000007,4.75,0.384,322692.0,97900000.0,19.85447968813968,Moderate
269,Iran,2022,5.8,0.27,14657.382124999998,87923432.0,4.199999999999999,6200000.0,1.55242695,4.15,0.358,243797.0,39200000.0,9.170363666002935,Low
270,Indonesia,2022,35.46666666666666,0.2763636363636364,10267.688500000002,273753184.0,18.733333333333334,32200000.000000004,2.7478933916666666,12.0,16.081,3251343.0,20000000.0,35.80167862283476,Alarming
271,India,2022,37.1,0.2545454545454545,5504.591299999999,1407563904.0,33.03333333333333,233899999.99999997,4.311491608333334,17.733333333333334,2.1220000000000003,25600142.0,97900000.0,76.02810142981652,Extremely Alarming
272,Bhutan,2022,33.5,0.2581818181818182,9959.243708333333,777500.0,12.7,233899999.99999997,3.3287944250000003,5.9,0.749,3929.0,97900000.0,61.07735658553951,Extremely Alarming
273,Bangladesh,2022,35.019999999999996,0.2581818181818182,4552.236466666666,169356240.0,29.82,24200000.0,3.742034691666667,13.279999999999998,3.65,2736572.0,53100000.0,39.420659086562964,Alarming
274,China,2022,7.433333333333334,0.19272727272727275,13096.250916666666,1425893504.0,2.9,233899999.99999997,1.0720374383333333,2.033333333333333,1.112,1974271.0,97900000.0,38.68896279043361,Alarming
275,Singapore,2022,24.59379585326954,0.2581818181818182,90664.29683333333,5941063.0,16.111339712918664,233899999.99999997,0.26075545083333335,8.522046783625731,0.009999999999999998,25600142.0,400000.0,47.65605357414355,Alarming
276,Thailand,2022,13.433333333333332,0.24090909090909085,16114.335583333335,71601104.0,7.866666666666666,6600000.0,1.0691504625,6.6000000000000005,1.04,273870.0,5100000.0,12.380458549291168,Moderate
277,Syria,2022,27.9,0.25999999999999995,18893.909880263156,22730734.0,10.4,5900000.0,3.0494506,11.5,0.697,356298.0,97900000.0,29.805617115414968,Serious
278,Sri Lanka,2022,15.95,0.24363636363636365,12242.859750000001,21773438.0,23.3,2900000.0,0.8770156983333334,18.2,0.9339999999999999,383878.0,2400000.0,21.58102552977485,Serious
279,South Korea,2022,24.59379585326954,0.22000000000000003,39314.62841666667,51844688.0,16.111339712918664,233899999.99999997,0.34850903166666664,8.522046783625731,0.16699999999999998,25600142.0,2900000.0,47.999637658160275,Alarming
280,Malaysia,2022,20.066666666666666,0.21636363636363634,24171.871166666668,33573872.0,13.4,1900000.0,0.8007250349999998,9.733333333333333,1.264,299188.0,5400000.0,15.863892338932569,Moderate
281,Mongolia,2022,10.7,0.24545454545454548,10739.575166666664,3347782.0,1.875,400000.0,1.9474329583333336,1.175,0.014000000000000002,4637.0,200000.0,9.41286291431411,Low
282,Pakistan,2022,42.06666666666666,0.24727272727272728,4638.307191666667,231402112.0,28.76666666666667,42800000.0,7.5193446166666655,10.833333333333336,4.082,4167102.0,97900000.0,57.67380670003139,Extremely Alarming
283,North Korea,2022,23.5,0.25999999999999995,18893.909880263156,25971910.0,12.25,11800000.0,2.1400000166666664,3.2500000000000004,1.9829999999999999,63901.0,97900000.0,18.591772139275403,Moderate
284,Nepal,2022,36.2,0.2618181818181818,3308.5486416666668,30034988.0,27.575,2800000.0,3.537083725,11.025,6.308,352224.0,11200000.0,34.19403659717805,Serious
285,Myanmar,2022,28.049999999999997,0.2800000000000001,3886.7032999999997,53798088.0,18.8,5000000.0,5.150051066666667,6.65,4.246,301969.0,15800000.0,33.999178309525306,Serious
